,ref,id
0,Cogs,601ac114be37ce2ead437550
1,Cogs,5332f5fbe4b03c9a25efd0ba
2,Cogs,601ac142be37ce2ead437559
3,Cogs,601ac142be37ce2ead437559
4,Cogs,5332fa12e4b03c9a25efd1e7
5,Cogs,601ac142be37ce2ead437559
6,Cogs,601ac142be37ce2ead437559
7,Cogs,559c2234e4b06aca36af13c6
8,Cogs,5a734034e4b0d58f376be874
9,Cogs,59ba6f1ce4b092b29c167346
10,Cogs,5f4bf556be37ce0b44915549
11,Cpgs,5332f5f2e4b03c9a25efd0aa
12,Cogs,559c2234e4b06aca36af13c6
13,Cogs,5d5d4fd16d5f3b23d1bc7905
14,Cogs,5332f5fbe4b03c9a25efd0ba
15,Cpgs,5332f709e4b03c9a25efd0f1
16,Cogs,5d9b4f591dda2c6225a284aa
17,Cogs,5f358338be37ce443bf9d557
18,Cogs,5fb28549be37ce522e165cb4
19,Cogs,5332f5f6e4b03c9a25efd0b4
20,Cogs,55b62995e4b0d8e685c14213
21,Cogs,5d9b4f591dda2c6225a284aa
22,Cogs,559c2234e4b06aca36af13c6
23,Cpgs,53e10d6368abd3c7065097cc
24,Cpgs,5332f5ebe4b03c9a25efd0a8
25,Cogs,5e9f12f5be37ce3e45b6a77e
26,Cogs,5332f5f6e4b03c9a25efd0b4
27,Cogs,5d5d4fd16d5f3b23d1bc7905
28,Cogs,5f493e72be37ce64d0ae36c2
29,Cogs,5f4936dcbe37ce52f8314fd8
30,Cogs,559c2234e4b06aca36af13c6
31,Cogs,5fd2a0aebe37ce49eb72c0ed
32,Cogs,53e10d6368abd3c7065097cc
33,Cogs,5f494c5d04db711dd8fe87e2
34,Cpgs,5332f5f3e4b03c9a25efd0ae
35,Cogs,559c2234e4b06aca36af13c6
36,Cogs,5332f5f3e4b03c9a25efd0ae
37,Cogs,5f35a0babe37ce6853cff1fd
38,Cogs,5fd29590be37ce38bbbefb25
39,Cogs,5fd3acb5be37ce0d9386bb3e
40,Cogs,550b2565e4b001d5e9e4146f
41,Cogs,5332f5fbe4b03c9a25efd0ba
42,Cogs,559c2234e4b06aca36af13c6
43,Cpgs,5332f5ebe4b03c9a25efd0a8
44,Cogs,5d5d4fd16d5f3b23d1bc7905
45,Cogs,5d5d4fd16d5f3b23d1bc7905
46,Cpgs,5332f5f3e4b03c9a25efd0ae
47,Cogs,5fa1c567be37ce402c4618ef
48,Cogs,5332f709e4b03c9a25efd0f1
49,Cogs,55b62995e4b0d8e685c14213
50,Cogs,5332f5fbe4b03c9a25efd0ba
51,Cogs,559c2234e4b06aca36af13c6
52,Cogs,5332f5f6e4b03c9a25efd0b4
53,Cogs,5332f5f6e4b03c9a25efd0b4
54,Cogs,5f16f535be37ce2b30061e24
55,Cpgs,5332f6ede4b03c9a25efd0e6
56,Cpgs,5332f5f2e4b03c9a25efd0aa
57,Cogs,5f3d6f44be37ce4ddbb1bb3a
58,Cogs,5c76d20595144c5375687b4e
59,Cogs,5332fa12e4b03c9a25efd1e7
60,Cogs,5a734034e4b0d58f376be874
61,Cogs,55b62995e4b0d8e685c14213
62,Cogs,5f3ff222be37ce1c81aa1e0c
63,Cogs,5c76d20595144c5375687b4e
64,Cogs,53e10d6368abd3c7065097cc
65,Cogs,5a734034e4b0d58f376be874
66,Cogs,5a734034e4b0d58f376be874
67,Cogs,5f3e9195be37ce5a0e01b95f
68,Cogs,5fb6b608be37ce522e165cb9
69,Cogs,5332f709e4b03c9a25efd0f1
70,Cogs,5fd3acb5be37ce0d9386bb3e
71,Cogs,5d9b4f591dda2c6225a284aa
72,Cogs,5332f5f3e4b03c9a25efd0ae
73,Cogs,5fb2852cbe37ce522e165cae
74,Cpgs,5332f5f2e4b03c9a25efd0aa
75,Cogs,5fa98944be37ce239d1070ff
76,Cogs,5a734034e4b0d58f376be874
77,Cpgs,5332f5ebe4b03c9a25efd0a8
78,Cogs,559c2234e4b06aca36af13c6
79,Cogs,5f493682be37ce52f8314fcb
80,Cpgs,57ace90fe4b057c992a316ab
81,Cogs,5332f709e4b03c9a25efd0f1
82,Cogs,5332f709e4b03c9a25efd0f1
83,Cpgs,5332f5f3e4b03c9a25efd0ac
84,Cogs,5332f5f3e4b03c9a25efd0ae
85,Cogs,5332fa12e4b03c9a25efd1e7
86,Cogs,559c2234e4b06aca36af13c6
87,Cogs,5332f5f6e4b03c9a25efd0b4
88,Cpgs,5332f5fbe4b03c9a25efd0ba
89,Cogs,5a734034e4b0d58f376be874
90,Cogs,5fc54c0abe37ce1911dbb3b1
91,Cogs,5f358338be37ce443bf9d557
92,Cogs,53e10d6368abd3c7065097cc
93,Cogs,5332f5fbe4b03c9a25efd0ba
94,Cogs,5332fa12e4b03c9a25efd1e7
95,Cpgs,5332f5f2e4b03c9a25efd0aa
96,Cogs,5f9770bfbe37ce03d08a2d83
97,Cogs,559c2234e4b06aca36af13c6
98,Cogs,5f513e9ebe37ce21f1287bff
99,Cogs,5332f7a7e4b03c9a25efd134
100,Cogs,5a734034e4b0d58f376be874
101,Cogs,559c2234e4b06aca36af13c6
102,Cogs,5f3e9172be37ce5a0e01b952
103,Cogs,5f4936ddbe37ce52f8314fda
104,Cpgs,5332f7a7e4b03c9a25efd134
105,Cogs,5332f5fbe4b03c9a25efd0ba
106,Cogs,559c2234e4b06aca36af13c6
107,Cogs,5f43faabbe37ce3ef3fd3714
108,Cogs,559c2234e4b06aca36af13c6
109,Cogs,5332f5fbe4b03c9a25efd0ba
110,Cogs,5332f5fbe4b03c9a25efd0ba
111,Cogs,5332f5f6e4b03c9a25efd0b4
112,Cogs,5fa98944be37ce239d1070fd
113,Cpgs,5332f5f2e4b03c9a25efd0aa
114,Cpgs,55a41b4be4b0d0a65b3692ee
115,Cogs,5332f5fbe4b03c9a25efd0ba
116,Cogs,559c2234e4b06aca36af13c6
117,Cpgs,55b62995e4b0d8e685c14213
118,Cogs,5332f5fbe4b03c9a25efd0ba
119,Cogs,5f43faabbe37ce3ef3fd3714
120,Cogs,5332f5fbe4b03c9a25efd0ba
121,Cogs,5d9b4f591dda2c6225a284aa
122,Cogs,5e28b81cee7f2d697e835bcd
123,Cogs,5332fa12e4b03c9a25efd1e7
124,Cogs,559c2234e4b06aca36af13c6
125,Cogs,5f494c5d04db711dd8fe87e2
126,Cogs,550b2565e4b001d5e9e4146f
127,Cogs,5fb2852cbe37ce522e165cae
128,Cogs,5332f5fbe4b03c9a25efd0ba
129,Cogs,55b62995e4b0d8e685c14213
130,Cpgs,5332f5f2e4b03c9a25efd0aa
131,Cogs,559c2234e4b06aca36af13c6
132,Cogs,5332f5f6e4b03c9a25efd0b4
133,Cogs,53e10d6368abd3c7065097cc
134,Cogs,53e10d6368abd3c7065097cc
135,Cpgs,5332f5f3e4b03c9a25efd0ae
136,Cogs,559c2234e4b06aca36af13c6
137,Cogs,53e10d6368abd3c7065097cc
138,Cogs,559c2234e4b06aca36af13c6
139,Cogs,5332f5f6e4b03c9a25efd0b4
140,Cogs,5332f5fbe4b03c9a25efd0ba
141,Cogs,5332f5fbe4b03c9a25efd0ba
142,Cogs,5332f5f6e4b03c9a25efd0b4
143,Cogs,53e10d6368abd3c7065097cc
144,Cogs,5fcda494be37ce688e08b0cb
145,Cogs,5eebc5412455c97a877ef382
146,Cogs,55b62995e4b0d8e685c14213
147,Cpgs,5332f5ebe4b03c9a25efd0a8
148,Cogs,5332fa12e4b03c9a25efd1e7
149,Cogs,5d5d4fd16d5f3b23d1bc7905
150,Cogs,5e28b81cee7f2d697e835bcd
151,Cpgs,5332f5f2e4b03c9a25efd0aa
152,Cogs,5c45f8b087ff3552f950f026
153,Cogs,559c2234e4b06aca36af13c6
154,Cogs,55b62995e4b0d8e685c14213
155,Cogs,5a734034e4b0d58f376be874
156,Cogs,5fcda494be37ce688e08b0cb
157,Cogs,5f3ff222be37ce1c81aa1e0c
158,Cogs,5f772951be37ce6b592e90d1
159,Cogs,5fa1c568be37ce402c4618f5
160,Cogs,5fb6b608be37ce522e165cb9
161,Cogs,5332f5f6e4b03c9a25efd0b4
162,Cogs,5e28b81cee7f2d697e835bcd
163,Cogs,559c2234e4b06aca36af13c6
164,Cogs,53e10d6368abd3c7065097cc
165,Cogs,5f16f535be37ce2b30061e24
166,Cogs,5332fa12e4b03c9a25efd1e7
167,Cogs,53e10d6368abd3c7065097cc
168,Cogs,5f7ba644be37ce23081c5289
169,Cpgs,5332f5f2e4b03c9a25efd0aa
170,Cogs,5f504acabe37ce0b793c9417
171,Cogs,5a734034e4b0d58f376be874
172,Cpgs,5332f7a7e4b03c9a25efd134
173,Cpgs,5332f5f3e4b03c9a25efd0ae
174,Cpgs,5332f7ffe4b03c9a25efd16b
175,Cogs,5332f709e4b03c9a25efd0f1
176,Cogs,53e10d6368abd3c7065097cc
177,Cogs,53e10d6368abd3c7065097cc
178,Cogs,5332fa12e4b03c9a25efd1e7
179,Cogs,5ffe3a87be37ce7aab2d4fda
180,Cogs,5ffe3a85be37ce7aab2d4fd4
181,Cogs,5fff3a7abe37ce2bb793010d
182,Cogs,5ffe3a85be37ce7aab2d4fd4
183,Cogs,5ffe3a85be37ce7aab2d4fd4
184,Cogs,5ffe35eabe37ce5e01754c45
185,Cogs,5ffe347ebe37ce5e01754c3d
186,Cogs,5ffe35eabe37ce5e01754c45
187,Cogs,559c2234e4b06aca36af13c6
188,Cogs,5332f709e4b03c9a25efd0f1
189,Cogs,5332fa12e4b03c9a25efd1e7
190,Cogs,5f493e72be37ce64d0ae36c2
191,Cogs,5332f709e4b03c9a25efd0f1
192,Cogs,5332f5fbe4b03c9a25efd0ba
193,Cogs,5fb6b608be37ce522e165cb9
194,Cogs,5d5d4fd16d5f3b23d1bc7905
195,Cpgs,5332f5ebe4b03c9a25efd0a8
196,Cogs,5f494c5d04db711dd8fe87e2
197,Cogs,5f772951be37ce6b592e90cf
198,Cogs,5f504ac2be37ce0b793c9411
199,Cogs,550b2565e4b001d5e9e4146f
200,Cogs,5fd2a0bfbe37ce49eb72c0ef
201,Cogs,5332f5f3e4b03c9a25efd0ae
202,Cogs,5332f709e4b03c9a25efd0f1
203,Cogs,5332fa12e4b03c9a25efd1e7
204,Cogs,5332f709e4b03c9a25efd0f1
205,Cogs,5f99f71bbe37ce13da9eade6
206,Cogs,5332fa12e4b03c9a25efd1e7
207,Cogs,5ffe3681be37ce5e01754c54
208,Cogs,5ffe347ebe37ce5e01754c3d
209,Cogs,5ffe347ebe37ce5e01754c3d
210,Cogs,5ffe3480be37ce5e01754c43
211,Cogs,5ffe35eabe37ce5e01754c45
212,Cogs,5ffe35f9be37ce5e01754c4b
213,Cogs,5332fa12e4b03c9a25efd1e7
214,Cogs,5ffe35eabe37ce5e01754c45
215,Cogs,5ff768e3be37ce1e961f329f
216,Cogs,5ff768d4be37ce1e961f3299
217,Cogs,5ff768d4be37ce1e961f3299
218,Cogs,5ff768d4be37ce1e961f3299
219,Cogs,5332fa12e4b03c9a25efd1e7
220,Cogs,5ff77857be37ce58ce500839
221,Cogs,5fd7f2b3be37ce7339755868
222,Cogs,5fd7f2b3be37ce7339755868
223,Cogs,5fd7f2b3be37ce7339755868
224,Cogs,5fd7f2b8be37ce733975586e
225,Cogs,5332fa12e4b03c9a25efd1e7
226,Cogs,5fd3acb5be37ce0d9386bb3e
227,Cpgs,5332f5ebe4b03c9a25efd0a8
228,Cogs,5332f709e4b03c9a25efd0f1
229,Cpgs,5332f5f3e4b03c9a25efd0ae
230,Cpgs,581ce8d5e4b058c71f74c442
231,Cpgs,5332f5f2e4b03c9a25efd0aa
232,Cogs,5f3d6f44be37ce4ddbb1bb3a
233,Cogs,5f628235be37ce78e6e2efb0
234,Cogs,5332f709e4b03c9a25efd0f1
235,Cogs,5f3ff200be37ce1c81aa1e0a
236,Cogs,559c2234e4b06aca36af13c6
237,Cpgs,5332f5f3e4b03c9a25efd0ae
238,Cogs,559c2234e4b06aca36af13c6
239,Cogs,559c2234e4b06aca36af13c6
240,Cogs,5f493665be37ce52f8314fc9
241,Cogs,5332f5f3e4b03c9a25efd0ae
242,Cogs,53e10d6368abd3c7065097cc
243,Cogs,559c2234e4b06aca36af13c6
244,Cogs,5332fa12e4b03c9a25efd1e7
245,Cogs,5c4f20b01b4181298aacffc1
246,Cogs,559c2234e4b06aca36af13c6
247,Cogs,5332f5f3e4b03c9a25efd0ae
248,Cogs,5d9b4f591dda2c6225a284aa
249,Cogs,5fb6d381be37ce522e165cbd
250,Cogs,5fb6d381be37ce522e165cbd
251,Cogs,5fb6d381be37ce522e165cbd
252,Cogs,5fb6d381be37ce522e165cbd
253,Cogs,5fb6d381be37ce522e165cbd
254,Cogs,5fb6d381be37ce522e165cbd
255,Cogs,5fb6d381be37ce522e165cbd
256,Cogs,5fb6d381be37ce522e165cbd
257,Cogs,5d5d4fd16d5f3b23d1bc7905
258,Cogs,5332f7a7e4b03c9a25efd134
259,Cogs,5f3d6f44be37ce4ddbb1bb3a
260,Cogs,5fa1c567be37ce402c4618ef
261,Cpgs,53e10d6368abd3c7065097cc
262,Cogs,5a734034e4b0d58f376be874
263,Cogs,53e10d6368abd3c7065097cc
264,Cogs,53e10d6368abd3c7065097cc
265,Cogs,5332f709e4b03c9a25efd0f1
266,Cogs,5332f5fbe4b03c9a25efd0ba
267,Cogs,559c2234e4b06aca36af13c6
268,Cogs,53e10d6368abd3c7065097cc
269,Cogs,5fcda47cbe37ce688e08b0c2
270,Cogs,5d5d4fd16d5f3b23d1bc7905
271,Cogs,53e10d6368abd3c7065097cc
272,Cpgs,5332f5ebe4b03c9a25efd0a8
273,Cogs,5fb6b608be37ce522e165cb9
274,Cogs,5332f5f6e4b03c9a25efd0b4
275,Cpgs,5459429be4b0bfcb1e864082
276,Cogs,5332f5fbe4b03c9a25efd0ba
277,Cogs,5d9b4f591dda2c6225a284aa
278,Cogs,5332f5fbe4b03c9a25efd0ba
279,Cogs,5f513ea0be37ce21f1287c01
280,Cogs,5332f5fbe4b03c9a25efd0ba
281,Cogs,5d5d4fd16d5f3b23d1bc7905
282,Cpgs,53e10d6368abd3c7065097cc
283,Cogs,59b96571e4b0bf7c7980588b
284,Cogs,5d9b4f591dda2c6225a284aa
285,Cogs,5332fa12e4b03c9a25efd1e7
286,Cogs,53e10d6368abd3c7065097cc
287,Cpgs,5459429be4b0bfcb1e864082
288,Cogs,5332f5fbe4b03c9a25efd0ba
289,Cpgs,5332f5f2e4b03c9a25efd0aa
290,Cpgs,5332f5ebe4b03c9a25efd0a8
291,Cogs,5fa98944be37ce239d1070ff
292,Cpgs,5332f7a7e4b03c9a25efd134
293,Cogs,559c2234e4b06aca36af13c6
294,Cogs,5332f5f3e4b03c9a25efd0ae
295,Cogs,5332f5fbe4b03c9a25efd0ba
296,Cogs,5f9770bfbe37ce03d08a2d83
297,Cogs,559c2234e4b06aca36af13c6
298,Cogs,5f58fa84be37ce21f1287c0f
299,Cogs,5a734034e4b0d58f376be874
300,Cogs,5a734034e4b0d58f376be874
301,Cogs,5a734034e4b0d58f376be874
302,Cogs,559c2234e4b06aca36af13c6
303,Cogs,5d9b4f591dda2c6225a284aa
304,Cogs,5ff78071be37ce6a424ca0e7
305,Cogs,5ff78071be37ce6a424ca0e7
306,Cogs,5ff78071be37ce6a424ca0e7
307,Cogs,5332fa12e4b03c9a25efd1e7
308,Cogs,5ff78071be37ce6a424ca0e7
309,Cogs,5ff789c5be37ce786ba0f6a2
310,Cogs,5ff77857be37ce58ce500839
311,Cogs,5ff77857be37ce58ce500839
312,Cogs,5ff78070be37ce6a424ca0e5
313,Cogs,5ff77857be37ce58ce500839
314,Cogs,5ff77859be37ce58ce50083f
315,Cogs,5332fa12e4b03c9a25efd1e7
316,Cogs,550b2565e4b001d5e9e4146f
317,Cogs,5332fa12e4b03c9a25efd1e7
318,Cogs,5fdce9e9be37ce5fa8ba59d6
319,Cogs,5fdce9e9be37ce5fa8ba59d6
320,Cogs,5fdce9e9be37ce5fa8ba59d6
321,Cogs,5fdce9e9be37ce5fa8ba59d6
322,Cogs,5332f5f3e4b03c9a25efd0ae
323,Cogs,5f4936ddbe37ce52f8314fda
324,Cogs,5f4936ddbe37ce52f8314fda
325,Cogs,5fb6b608be37ce522e165cb9
326,Cogs,5d5d4fd16d5f3b23d1bc7905
327,Cogs,55b62995e4b0d8e685c14213
328,Cogs,559c2234e4b06aca36af13c6
329,Cogs,5f4936ddbe37ce52f8314fda
330,Cpgs,5332f5f2e4b03c9a25efd0aa
331,Cogs,5fb2852cbe37ce522e165cae
332,Cogs,53e10d6368abd3c7065097cc
333,Cpgs,5332f7a7e4b03c9a25efd134
334,Cogs,53e10d6368abd3c7065097cc
335,Cogs,5f99f71bbe37ce13da9eade6
336,Cogs,5332f5f6e4b03c9a25efd0b4
337,Cpgs,5332f709e4b03c9a25efd0f1
338,Cogs,5a734034e4b0d58f376be874
339,Cogs,53e10d6368abd3c7065097cc
340,Cogs,5f16f535be37ce2b30061e24
341,Cpgs,5332f5f2e4b03c9a25efd0aa
342,Cogs,5eebc5412455c97a877ef382
343,Cogs,5332f5f3e4b03c9a25efd0ae
344,Cogs,5332f5fbe4b03c9a25efd0ba
345,Cogs,559c2234e4b06aca36af13c6
346,Cogs,5f441280be37ce5dbe9b7c7d
347,Cogs,5d9b4f591dda2c6225a284aa
348,Cogs,5332f5fbe4b03c9a25efd0ba
349,Cogs,5332f709e4b03c9a25efd0f1
350,Cpgs,5332f5ebe4b03c9a25efd0a8
351,Cogs,5332f5fbe4b03c9a25efd0ba
352,Cogs,5332f5fbe4b03c9a25efd0ba
353,Cogs,53e10d6368abd3c7065097cc
354,Cogs,5332fa12e4b03c9a25efd1e7
355,Cogs,5332f709e4b03c9a25efd0f1
356,Cogs,5332f709e4b03c9a25efd0f1
357,Cogs,5332f709e4b03c9a25efd0f1
358,Cogs,5a734034e4b0d58f376be874
359,Cogs,5a734034e4b0d58f376be874
360,Cogs,5332f5f3e4b03c9a25efd0ae
361,Cpgs,5332f5f3e4b03c9a25efd0ae
362,Cogs,5f4802bdbe37ce0c8303373c
363,Cogs,5332f5f6e4b03c9a25efd0b4
364,Cogs,53e10d6368abd3c7065097cc
365,Cogs,5332f5f6e4b03c9a25efd0b4
366,Cogs,5f208daebe37ce7958c59520
367,Cogs,5f036ccc2455c947fde9362f
368,Cogs,5f3e9172be37ce5a0e01b952
369,Cogs,559c2234e4b06aca36af13c6
370,Cogs,5332f5f3e4b03c9a25efd0ae
371,Cogs,5a734034e4b0d58f376be874
372,Cogs,5f7760f0be37ce1d26d7b7a2
373,Cogs,5f99f71bbe37ce13da9eade6
374,Cogs,53e10d6368abd3c7065097cc
375,Cogs,5332fa12e4b03c9a25efd1e7
376,Cogs,559c2234e4b06aca36af13c6
377,Cogs,5f38578fbe37ce5178517ad3
378,Cogs,5fd2a0bfbe37ce49eb72c0ef
379,Cpgs,5332fa12e4b03c9a25efd1e7
380,Cogs,5a734034e4b0d58f376be874
381,Cogs,5f493dabbe37ce64d0ae36ba
382,Cogs,559c2234e4b06aca36af13c6
383,Cogs,5f5bc4f1be37ce17125ac0e8
384,Cogs,5332fa12e4b03c9a25efd1e7
385,Cogs,5f77274bbe37ce6b592e90b9
386,Cogs,5a734034e4b0d58f376be874
387,Cpgs,5332f5ebe4b03c9a25efd0a8
388,Cogs,5f4802d2be37ce0c83033742
389,Cogs,60074277be37ce360be639fe
390,Cpgs,5332f5f2e4b03c9a25efd0aa
391,Cogs,5fb2852cbe37ce522e165cae
392,Cogs,5332f709e4b03c9a25efd0f1
393,Cogs,53e10d6368abd3c7065097cc
394,Cpgs,5332f7ffe4b03c9a25efd16b
395,Cogs,53e10d6368abd3c7065097cc
396,Cogs,559c2234e4b06aca36af13c6
397,Cogs,5f513ea0be37ce21f1287c01
398,Cogs,5f35a0babe37ce6853cff1fd
399,Cogs,53e10d6368abd3c7065097cc
400,Cogs,5332f5fbe4b03c9a25efd0ba
401,Cogs,53e10d6368abd3c7065097cc
402,Cogs,5f493682be37ce52f8314fcb
403,Cogs,5332f5fbe4b03c9a25efd0ba
404,Cogs,5f403231be37ce5f78d9ed14
405,Cogs,5f7ba932be37ce2f290fb251
406,Cogs,559c2234e4b06aca36af13c6
407,Cogs,5332f709e4b03c9a25efd0f1
408,Cogs,5d5d4fd16d5f3b23d1bc7905
409,Cogs,5fb6b608be37ce522e165cb9
410,Cogs,5d5d4fd16d5f3b23d1bc7905
411,Cpgs,5332f5f2e4b03c9a25efd0aa
412,Cogs,559c2234e4b06aca36af13c6
413,Cogs,5332fa12e4b03c9a25efd1e7
414,Cogs,5d5d4fd16d5f3b23d1bc7905
415,Cogs,5332f709e4b03c9a25efd0f1
416,Cogs,5f3d6f44be37ce4ddbb1bb3a
417,Cogs,559c2234e4b06aca36af13c6
418,Cogs,5d5d4fd16d5f3b23d1bc7905
419,Cogs,5f9770bfbe37ce03d08a2d83
420,Cogs,5f4a7a5bbe37ce2d95e65c9f
421,Cogs,5f35834dbe37ce443bf9d564
422,Cogs,5332f5f6e4b03c9a25efd0b4
423,Cogs,5332f5f3e4b03c9a25efd0ae
424,Cogs,53e10d6368abd3c7065097cc
425,Cogs,5d5d4fd16d5f3b23d1bc7905
426,Cpgs,5332f7a7e4b03c9a25efd134
427,Cogs,5f208daebe37ce7958c59520
428,Cogs,5c7470c895144c124ecd5c09
429,Cogs,5332f709e4b03c9a25efd0f1
430,Cogs,5332f5fbe4b03c9a25efd0ba
431,Cogs,5332f5fbe4b03c9a25efd0ba
432,Cogs,5fda3724be37ce09e351596f
433,Cogs,5332fa12e4b03c9a25efd1e7
434,Cogs,5fda3724be37ce09e351596f
435,Cogs,5e7cf838f221c312e698a628
436,Cogs,5fda3724be37ce09e351596f
437,Cogs,5fda3724be37ce09e351596f
438,Cogs,5ff73cffbe37ce1e961f325c
439,Cogs,5ff73cf9be37ce1e961f3256
440,Cogs,5ff73cf9be37ce1e961f3256
441,Cogs,5ff74123be37ce1e961f3265
442,Cogs,5ff73cf9be37ce1e961f3256
443,Cogs,5332fa12e4b03c9a25efd1e7
444,Cogs,5ff74500be37ce1e961f3276
445,Cogs,5332fa12e4b03c9a25efd1e7
446,Cogs,5ff75cdebe37ce1e961f328a
447,Cogs,5ff74500be37ce1e961f3276
448,Cogs,5ff74500be37ce1e961f3276
449,Cogs,5ff74500be37ce1e961f3276
450,Cogs,5d9b4f591dda2c6225a284aa
451,Cogs,5332fa12e4b03c9a25efd1e7
452,Cogs,6000a0c6be37ce2bb793011c
453,Cogs,6000b8c3be37ce321363c6bf
454,Cogs,6000a0c6be37ce2bb793011c
455,Cogs,6000a0f3be37ce2bb7930129
456,Cogs,6000a0c6be37ce2bb793011c
457,Cogs,5332fa12e4b03c9a25efd1e7
458,Cpgs,5332f7a7e4b03c9a25efd134
459,Cogs,5332f5f3e4b03c9a25efd0ae
460,Cogs,5f7760f0be37ce1d26d7b7a2
461,Cogs,5a734034e4b0d58f376be874
462,Cogs,5332f5f6e4b03c9a25efd0b4
463,Cpgs,5332f5f2e4b03c9a25efd0aa
464,Cogs,5332f709e4b03c9a25efd0f1
465,Cogs,5332fa12e4b03c9a25efd1e7
466,Cogs,559c2234e4b06aca36af13c6
467,Cogs,55b62995e4b0d8e685c14213
468,Cogs,5332f5f3e4b03c9a25efd0ae
469,Cogs,5f19e054be37ce33f74a166e
470,Cogs,53e10d6368abd3c7065097cc
471,Cogs,5332f5fbe4b03c9a25efd0ba
472,Cogs,5f872b7fbe37ce66db5dd975
473,Cogs,5332f709e4b03c9a25efd0f1
474,Cpgs,5332f5f3e4b03c9a25efd0ae
475,Cogs,559c2234e4b06aca36af13c6
476,Cogs,5f10c05cbe37ce238c6cabaf
477,Cogs,53e10d6368abd3c7065097cc
478,Cogs,5f494c5d04db711dd8fe87e2
479,Cogs,5f872b7fbe37ce66db5dd975
480,Cogs,559c2234e4b06aca36af13c6
481,Cogs,5332fa12e4b03c9a25efd1e7
482,Cogs,5332fa12e4b03c9a25efd1e7
483,Cogs,5a734034e4b0d58f376be874
484,Cpgs,5332f5ebe4b03c9a25efd0a8
485,Cogs,5f493682be37ce52f8314fcb
486,Cogs,5f7760f0be37ce1d26d7b7a2
487,Cogs,5332f5fbe4b03c9a25efd0ba
488,Cogs,5332f709e4b03c9a25efd0f1
489,Cogs,5332fa12e4b03c9a25efd1e7
490,Cogs,5332f5fbe4b03c9a25efd0ba
491,Cpgs,5332f5ebe4b03c9a25efd0a8
492,Cogs,5d5d4fd16d5f3b23d1bc7905
493,Cpgs,5332f7ffe4b03c9a25efd16b
494,Cogs,5eebc5412455c97a877ef382
495,Cogs,5332f5fbe4b03c9a25efd0ba
496,Cogs,559c2234e4b06aca36af13c6
497,Cogs,5f5bc4f1be37ce17125ac0e8
498,Cogs,5332f5fbe4b03c9a25efd0ba
499,Cogs,5f358338be37ce443bf9d557
500,Cogs,5a734034e4b0d58f376be874
501,Cogs,5332f5fbe4b03c9a25efd0ba
502,Cogs,5332f709e4b03c9a25efd0f1
503,Cogs,5f628214be37ce78e6e2efaa
504,Cogs,5332f5fbe4b03c9a25efd0ba
505,Cpgs,53e10d6368abd3c7065097cc
506,Cogs,5d5d4fd16d5f3b23d1bc7905
507,Cogs,5332f5f3e4b03c9a25efd0ae
508,Cogs,5332f5f3e4b03c9a25efd0ae
509,Cpgs,5332f7a7e4b03c9a25efd134
510,Cogs,5f3ff222be37ce1c81aa1e0c
511,Cogs,5d5d4fd16d5f3b23d1bc7905
512,Cogs,5fcff319be37ce6d53dfc690
513,Cpgs,5332f5ebe4b03c9a25efd0a8
514,Cogs,5f4802bdbe37ce0c8303373c
515,Cogs,5332f5fbe4b03c9a25efd0ba
516,Cpgs,53e10d6368abd3c7065097cc
517,Cogs,5a734034e4b0d58f376be874
518,Cogs,5f4bf556be37ce0b44915549
519,Cogs,5fa1c567be37ce402c4618ef
520,Cogs,5a734034e4b0d58f376be874
521,Cpgs,53e10d6368abd3c7065097cc
522,Cogs,5f10c05cbe37ce238c6cabaf
523,Cogs,5332f709e4b03c9a25efd0f1
524,Cogs,5332f5fbe4b03c9a25efd0ba
525,Cpgs,5332f5ebe4b03c9a25efd0a8
526,Cogs,5332f5f6e4b03c9a25efd0b4
527,Cogs,5332f5f3e4b03c9a25efd0ae
528,Cogs,5f772951be37ce6b592e90d1
529,Cogs,5332f5fbe4b03c9a25efd0ba
530,Cogs,5f7ba644be37ce23081c5289
531,Cogs,53e10d6368abd3c7065097cc
532,Cogs,5f493e72be37ce64d0ae36c2
533,Cogs,5332fa12e4b03c9a25efd1e7
534,Cogs,5332f709e4b03c9a25efd0f1
535,Cogs,5f3ff222be37ce1c81aa1e0c
536,Cogs,5332f5fbe4b03c9a25efd0ba
537,Cogs,5f77274bbe37ce6b592e90b9
538,Cogs,5a734034e4b0d58f376be874
539,Cogs,5e5ea9cc9c50da1291a6d074
540,Cogs,5d5d4fd16d5f3b23d1bc7905
541,Cogs,5332f5f3e4b03c9a25efd0ae
542,Cogs,5f4802bdbe37ce0c8303373c
543,Cogs,5ffe3381be37ce5e01754c34
544,Cogs,5ffe2e38be37ce5e01754c21
545,Cogs,5ffe347ebe37ce5e01754c3d
546,Cogs,5ffe336ebe37ce5e01754c2e
547,Cogs,5ffe336ebe37ce5e01754c2e
548,Cogs,5ffe336ebe37ce5e01754c2e
549,Cogs,5ffe2e38be37ce5e01754c21
550,Cogs,5332fa12e4b03c9a25efd1e7
551,Cogs,5ffe2e38be37ce5e01754c21
552,Cogs,5ffe336ebe37ce5e01754c2e
553,Cogs,5332fa12e4b03c9a25efd1e7
554,Cogs,5fdce8dabe37ce5fa8ba59be
555,Cogs,5fdce8dabe37ce5fa8ba59be
556,Cogs,5332fa12e4b03c9a25efd1e7
557,Cogs,5fdce9cabe37ce5fa8ba59cd
558,Cogs,5fdce8edbe37ce5fa8ba59cb
559,Cogs,5fdce8dabe37ce5fa8ba59be
560,Cogs,5fdce8dabe37ce5fa8ba59be
561,Cogs,5fb6b608be37ce522e165cb9
562,Cpgs,5332f5ebe4b03c9a25efd0a8
563,Cogs,5f43faabbe37ce3ef3fd3714
564,Cogs,5332f709e4b03c9a25efd0f1
565,Cogs,559c2234e4b06aca36af13c6
566,Cogs,559c2234e4b06aca36af13c6
567,Cogs,5332f5f6e4b03c9a25efd0b4
568,Cogs,53e10d6368abd3c7065097cc
569,Cogs,559c2234e4b06aca36af13c6
570,Cogs,550b2565e4b001d5e9e4146f
571,Cogs,5f403231be37ce5f78d9ed14
572,Cogs,5fd3acb5be37ce0d9386bb3e
573,Cogs,5332f5f3e4b03c9a25efd0ae
574,Cogs,5332f5fbe4b03c9a25efd0ba
575,Cogs,5332f5f3e4b03c9a25efd0ae
576,Cpgs,5332f734e4b03c9a25efd104
577,Cpgs,5332fa58e4b03c9a25efd215
578,Cpgs,5332f5f3e4b03c9a25efd0ae
579,Cogs,5f38576ebe37ce5178517aca
580,Cogs,5c76dd1095144c5375687b51
581,Cogs,5332f5fbe4b03c9a25efd0ba
582,Cogs,5f58fa84be37ce21f1287c0f
583,Cogs,5f4802bdbe37ce0c8303373c
584,Cogs,5332fa12e4b03c9a25efd1e7
585,Cogs,5f38578fbe37ce5178517ad3
586,Cpgs,5332f5ebe4b03c9a25efd0a8
587,Cogs,5d5d4fd16d5f3b23d1bc7905
588,Cpgs,5332f7a7e4b03c9a25efd134
589,Cogs,5fb6b608be37ce522e165cb9
590,Cpgs,53e10d6368abd3c7065097cc
591,Cogs,5332f709e4b03c9a25efd0f1
592,Cogs,5f58fa84be37ce21f1287c0f
593,Cogs,5f403231be37ce5f78d9ed14
594,Cogs,559c2234e4b06aca36af13c6
595,Cogs,5332fa12e4b03c9a25efd1e7
596,Cogs,5d66b9dcee7f2d201c7281cd
597,Cogs,559c2234e4b06aca36af13c6
598,Cogs,5f772951be37ce6b592e90d1
599,Cpgs,5332f5ebe4b03c9a25efd0a8
600,Cogs,5f77274bbe37ce6b592e90b9
601,Cogs,5f19e062be37ce33f74a1674
602,Cogs,5d5d4fd16d5f3b23d1bc7905
603,Cogs,5332f5fbe4b03c9a25efd0ba
604,Cogs,53e10d6368abd3c7065097cc
605,Cogs,5fcff304be37ce6d53dfc683
606,Cogs,5332fa12e4b03c9a25efd1e7
607,Cogs,5f441280be37ce5dbe9b7c7d
608,Cogs,53e10d6368abd3c7065097cc
609,Cogs,5f4cff1aa475f1050a66b566
610,Cogs,5f4bf556be37ce0b44915549
611,Cogs,5d9b4f591dda2c6225a284aa
612,Cogs,5f3d6f43be37ce4ddbb1bb38
613,Cogs,559c2234e4b06aca36af13c6
614,Cpgs,5332fa58e4b03c9a25efd215
615,Cogs,53e10d6368abd3c7065097cc
616,Cogs,5f4cff1aa475f1050a66b566
617,Cpgs,5332f5f2e4b03c9a25efd0aa
618,Cogs,5f4a64e7be37ce17d23b3178
619,Cogs,559c2234e4b06aca36af13c6
620,Cogs,5332f5f6e4b03c9a25efd0b4
621,Cogs,5332f5fbe4b03c9a25efd0ba
622,Cogs,5332f5fbe4b03c9a25efd0ba
623,Cogs,559c2234e4b06aca36af13c6
624,Cpgs,5332f5f2e4b03c9a25efd0aa
625,Cpgs,5332f7a7e4b03c9a25efd134
626,Cogs,5f10c05cbe37ce238c6cabaf
627,Cogs,5d5d4fd16d5f3b23d1bc7905
628,Cogs,550b2565e4b001d5e9e4146f
629,Cogs,5f4a64e7be37ce17d23b3178
630,Cpgs,5332f5ebe4b03c9a25efd0a8
631,Cogs,5332fa12e4b03c9a25efd1e7
632,Cogs,5a734034e4b0d58f376be874
633,Cogs,5f4cff1aa475f1050a66b566
634,Cogs,5f7ba932be37ce2f290fb251
635,Cogs,5332f709e4b03c9a25efd0f1
636,Cogs,5332fa12e4b03c9a25efd1e7
637,Cpgs,5332fa12e4b03c9a25efd1e7
638,Cpgs,55a41a91e4b0d0a65b3692ec
639,Cogs,5fcff304be37ce6d53dfc683
640,Cogs,5332f5f3e4b03c9a25efd0ae
641,Cpgs,5332f5f3e4b03c9a25efd0ae
642,Cogs,5332fa12e4b03c9a25efd1e7
643,Cpgs,5332f5ebe4b03c9a25efd0a8
644,Cogs,5f16f512be37ce2b30061e1d
645,Cogs,5332f5f3e4b03c9a25efd0ae
646,Cogs,559c2234e4b06aca36af13c6
647,Cpgs,5332f7a7e4b03c9a25efd134
648,Cogs,5f35a0babe37ce6853cff1fd
649,Cpgs,537b7ec2892471241348d709
650,Cogs,5fc54c0abe37ce1911dbb3b1
651,Cogs,5d5d4fd16d5f3b23d1bc7905
652,Cogs,5fb6b608be37ce522e165cb9
653,Cogs,5332f5f3e4b03c9a25efd0ae
654,Cogs,5f35a0babe37ce6853cff1fd
655,Cogs,5332f5fbe4b03c9a25efd0ba
656,Cogs,5332f5fbe4b03c9a25efd0ba
657,Cpgs,5332f5f2e4b03c9a25efd0aa
658,Cogs,5d5d4fd16d5f3b23d1bc7905
659,Cogs,5f5bc4f1be37ce17125ac0e8
660,Cogs,55b62995e4b0d8e685c14213
661,Cogs,5a734034e4b0d58f376be874
662,Cogs,55b62995e4b0d8e685c14213
663,Cogs,559c2234e4b06aca36af13c6
664,Cogs,5332f5f6e4b03c9a25efd0b4
665,Cogs,5f7ba644be37ce23081c5289
666,Cogs,5f358338be37ce443bf9d557
667,Cogs,5f494cf904db711dd8fe87ef
668,Cogs,559c2234e4b06aca36af13c6
669,Cogs,53e10d6368abd3c7065097cc
670,Cpgs,53e10d6368abd3c7065097cc
671,Cogs,5332f5fbe4b03c9a25efd0ba
672,Cogs,559c2234e4b06aca36af13c6
673,Cogs,5332f5fbe4b03c9a25efd0ba
674,Cpgs,53e10d6368abd3c7065097cc
675,Cogs,5332f5f3e4b03c9a25efd0ae
676,Cogs,53e10d6368abd3c7065097cc
677,Cpgs,5332f5f2e4b03c9a25efd0aa
678,Cogs,559c2234e4b06aca36af13c6
679,Cogs,5332f5f6e4b03c9a25efd0b4
680,Cogs,559c2234e4b06aca36af13c6
681,Cogs,5fa98944be37ce239d1070ff
682,Cogs,5d5d4fd16d5f3b23d1bc7905
683,Cogs,5332f5f6e4b03c9a25efd0b4
684,Cogs,559c2234e4b06aca36af13c6
685,Cogs,5f4bf556be37ce0b44915549
686,Cogs,5f7760ffbe37ce1d26d7b7a8
687,Cpgs,5332f5fbe4b03c9a25efd0ba
688,Cogs,5332f5f3e4b03c9a25efd0ae
689,Cpgs,5332f5f2e4b03c9a25efd0aa
690,Cogs,5a734034e4b0d58f376be874
691,Cogs,559c2234e4b06aca36af13c6
692,Cogs,5f504ac2be37ce0b793c9411
693,Cpgs,5332f7a7e4b03c9a25efd134
694,Cpgs,5332fa58e4b03c9a25efd215
695,Cogs,5fd29590be37ce38bbbefb25
696,Cogs,59b96571e4b0bf7c7980588b
697,Cogs,5f208daebe37ce7958c59520
698,Cogs,53e10d6368abd3c7065097cc
699,Cogs,5332f5fbe4b03c9a25efd0ba
700,Cpgs,5332f7a7e4b03c9a25efd134
701,Cogs,559c2234e4b06aca36af13c6
702,Cpgs,5332f5f3e4b03c9a25efd0ae
703,Cpgs,53e10d6368abd3c7065097cc
704,Cogs,5332fa12e4b03c9a25efd1e7
705,Cogs,5f4a7a60be37ce2d95e65cac
706,Cogs,5f19e054be37ce33f74a166e
707,Cogs,5fd29591be37ce38bbbefb2b
708,Cpgs,5332f5ebe4b03c9a25efd0a8
709,Cogs,5332fa12e4b03c9a25efd1e7
710,Cogs,559c2234e4b06aca36af13c6
711,Cpgs,5332f5ebe4b03c9a25efd0a8
712,Cogs,559c2234e4b06aca36af13c6
713,Cogs,5fb6b608be37ce522e165cb9
714,Cogs,5f872b7fbe37ce66db5dd975
715,Cogs,559c2234e4b06aca36af13c6
716,Cogs,53e10d6368abd3c7065097cc
717,Cogs,5332fa12e4b03c9a25efd1e7
718,Cpgs,5332f7a7e4b03c9a25efd134
719,Cogs,5332f709e4b03c9a25efd0f1
720,Cogs,5332f5fbe4b03c9a25efd0ba
721,Cogs,5332f5fbe4b03c9a25efd0ba
722,Cogs,5332f5fbe4b03c9a25efd0ba
723,Cogs,55b62995e4b0d8e685c14213
724,Cogs,5d5d4fd16d5f3b23d1bc7905
725,Cogs,53e10d6368abd3c7065097cc
726,Cogs,5fc54c17be37ce1911dbb3b7
727,Cogs,5a734034e4b0d58f376be874
728,Cogs,5f504ac2be37ce0b793c9411
729,Cogs,5332f5fbe4b03c9a25efd0ba
730,Cogs,5332f709e4b03c9a25efd0f1
731,Cogs,5f9770bfbe37ce03d08a2d83
732,Cpgs,5332f5f2e4b03c9a25efd0aa
733,Cpgs,5332f7a7e4b03c9a25efd134
734,Cogs,559c2234e4b06aca36af13c6
735,Cogs,5f19e054be37ce33f74a166e
736,Cogs,53e10d6368abd3c7065097cc
737,Cogs,5332f5fbe4b03c9a25efd0ba
738,Cogs,5332f709e4b03c9a25efd0f1
739,Cogs,559c2234e4b06aca36af13c6
740,Cogs,53e10d6368abd3c7065097cc
741,Cogs,60074277be37ce360be639fe
742,Cogs,5332f709e4b03c9a25efd0f1
743,Cogs,5f3e9172be37ce5a0e01b952
744,Cpgs,540f215de4b09fb9af4b49f1
745,Cogs,5a734034e4b0d58f376be874
746,Cogs,5fd3acb9be37ce0d9386bb4b
747,Cpgs,53501d2ab9237fd7718f9e1a
748,Cogs,5f208db0be37ce7958c59526
749,Cogs,53e10d6368abd3c7065097cc
750,Cogs,5332fa12e4b03c9a25efd1e7
751,Cogs,5332f5f6e4b03c9a25efd0b4
752,Cogs,5332f709e4b03c9a25efd0f1
753,Cogs,5fb6d381be37ce522e165cbd
754,Cogs,5fb6d381be37ce522e165cbd
755,Cogs,5fb6d381be37ce522e165cbd
756,Cogs,5fb6d381be37ce522e165cbd
757,Cogs,5fb6d381be37ce522e165cbd
758,Cogs,5fb6d381be37ce522e165cbd
759,Cogs,5fb6d381be37ce522e165cbd
760,Cogs,5fb6d381be37ce522e165cbd
761,Cogs,5fb6d381be37ce522e165cbd
762,Cogs,5fb6d381be37ce522e165cbd
763,Cogs,5fb6d381be37ce522e165cbd
764,Cogs,5fb6d381be37ce522e165cbd
765,Cogs,5fb6d381be37ce522e165cbd
766,Cogs,5fb6d381be37ce522e165cbd
767,Cogs,5fb6d381be37ce522e165cbd
768,Cogs,5fb6d381be37ce522e165cbd
769,Cogs,5f38578fbe37ce5178517ad3
770,Cogs,5f441281be37ce5dbe9b7c83
771,Cogs,5332f709e4b03c9a25efd0f1
772,Cpgs,5332f7ffe4b03c9a25efd16b
773,Cogs,5332f5fbe4b03c9a25efd0ba
774,Cogs,5332fa12e4b03c9a25efd1e7
775,Cogs,5f4cffbaa475f1050a66b573
776,Cogs,559c2234e4b06aca36af13c6
777,Cogs,5f7ba932be37ce2f290fb251
778,Cogs,559c2234e4b06aca36af13c6
779,Cogs,5332f5f3e4b03c9a25efd0ae
780,Cogs,5f493e72be37ce64d0ae36c0
781,Cogs,5f493dabbe37ce64d0ae36ba
782,Cpgs,55a58719e4b0d0a65b3693cc
783,Cogs,5fd3ae1fbe37ce0d9386bb54
784,Cpgs,5332f5ebe4b03c9a25efd0a8
785,Cogs,5fb6d381be37ce522e165cbd
786,Cogs,59b96571e4b0bf7c7980588b
787,Cogs,5a734034e4b0d58f376be874
788,Cogs,5f4a64e7be37ce17d23b3178
789,Cpgs,53e10d6368abd3c7065097cc
790,Cogs,559c2234e4b06aca36af13c6
791,Cogs,5a734034e4b0d58f376be874
792,Cogs,5f16f535be37ce2b30061e24
793,Cogs,5332f5fbe4b03c9a25efd0ba
794,Cogs,5fb6d381be37ce522e165cbd
795,Cogs,5ff74126be37ce1e961f326e
796,Cogs,5ff74126be37ce1e961f326e
797,Cogs,5ff74126be37ce1e961f326e
798,Cogs,5ff744ffbe37ce1e961f3274
799,Cogs,5ff74126be37ce1e961f326e
800,Cogs,5332fa12e4b03c9a25efd1e7
801,Cogs,5ffe3686be37ce5e01754c5d
802,Cogs,5ffe3a85be37ce7aab2d4fd4
803,Cogs,5ffe3686be37ce5e01754c5d
804,Cogs,5332fa12e4b03c9a25efd1e7
805,Cogs,5ffe3686be37ce5e01754c5d
806,Cogs,5ffe3686be37ce5e01754c5d
807,Cogs,5d9b4f591dda2c6225a284aa
808,Cpgs,5332f5ebe4b03c9a25efd0a8
809,Cogs,5d5d4fd16d5f3b23d1bc7905
810,Cogs,5e5ea9cc9c50da1291a6d074
811,Cogs,5332f5f6e4b03c9a25efd0b4
812,Cogs,5f38578fbe37ce5178517ad3
813,Cogs,5f772951be37ce6b592e90d1
814,Cogs,5332fa12e4b03c9a25efd1e7
815,Cogs,5f4a650bbe37ce17d23b317e
816,Cogs,5f43faadbe37ce3ef3fd371a
817,Cogs,5332fa12e4b03c9a25efd1e7
818,Cogs,5332f5f6e4b03c9a25efd0b4
819,Cogs,5f493e72be37ce64d0ae36c2
820,Cogs,53e10d6368abd3c7065097cc
821,Cogs,5332f709e4b03c9a25efd0f1
822,Cogs,5332f709e4b03c9a25efd0f1
823,Cogs,5332f5fbe4b03c9a25efd0ba
824,Cogs,5332f5fbe4b03c9a25efd0ba
825,Cogs,5a734034e4b0d58f376be874
826,Cogs,5a734034e4b0d58f376be874
827,Cogs,5332fa12e4b03c9a25efd1e7
828,Cpgs,5332f7ffe4b03c9a25efd16b
829,Cogs,559c2234e4b06aca36af13c6
830,Cogs,5332f5fbe4b03c9a25efd0ba
831,Cogs,5f4cff1aa475f1050a66b566
832,Cpgs,5332f5f2e4b03c9a25efd0aa
833,Cogs,5f628214be37ce78e6e2efaa
834,Cpgs,53501d2ab9237fd7718f9e18
835,Cogs,53e10d6368abd3c7065097cc
836,Cogs,5332fa12e4b03c9a25efd1e7
837,Cogs,5d5d4fd16d5f3b23d1bc7905
838,Cogs,53e10d6368abd3c7065097cc
839,Cogs,53e10d6368abd3c7065097cc
840,Cogs,5332f709e4b03c9a25efd0f1
841,Cogs,559c2234e4b06aca36af13c6
842,Cogs,5ff75cdebe37ce1e961f328c
843,Cogs,5ff75cdebe37ce1e961f328c
844,Cogs,5ff75cdebe37ce1e961f328c
845,Cogs,5f504ac2be37ce0b793c9411
846,Cogs,5e5ea9cc9c50da1291a6d074
847,Cogs,5fcff304be37ce6d53dfc683
848,Cogs,5332f5fbe4b03c9a25efd0ba
849,Cogs,5332f5f3e4b03c9a25efd0ae
850,Cogs,53e10d6368abd3c7065097cc
851,Cogs,5332f709e4b03c9a25efd0f1
852,Cpgs,5332f5ebe4b03c9a25efd0a8
853,Cogs,5332f5fbe4b03c9a25efd0ba
854,Cogs,5f35a0bcbe37ce6853cff20a
855,Cpgs,5332f5f3e4b03c9a25efd0ae
856,Cogs,5332f5f6e4b03c9a25efd0b4
857,Cogs,559c2234e4b06aca36af13c6
858,Cpgs,5332f7a7e4b03c9a25efd134
859,Cogs,5fb6b608be37ce522e165cb9
860,Cogs,5332f5fbe4b03c9a25efd0ba
861,Cogs,5a734034e4b0d58f376be874
862,Cogs,5332fa12e4b03c9a25efd1e7
863,Cogs,5ff75cdebe37ce1e961f328c
864,Cogs,5ff768d4be37ce1e961f3299
865,Cogs,5d9b4f591dda2c6225a284aa
866,Cogs,5fd3ae1fbe37ce0d9386bb54
867,Cogs,5fd3ae1fbe37ce0d9386bb54
868,Cogs,5fd3ae1fbe37ce0d9386bb54
869,Cogs,5332fa12e4b03c9a25efd1e7
870,Cogs,5fd3ae20be37ce0d9386bb5a
871,Cogs,5fff3aa0be37ce2bb7930116
872,Cogs,6000a0c6be37ce2bb793011c
873,Cogs,5fff3aa0be37ce2bb7930116
874,Cogs,5fff3aa0be37ce2bb7930116
875,Cogs,5332fa12e4b03c9a25efd1e7
876,Cogs,5fff3aa0be37ce2bb7930116
877,Cogs,6000b8c3be37ce321363c6bf
878,Cogs,6000b8c3be37ce321363c6bf
879,Cogs,5332fa12e4b03c9a25efd1e7
880,Cogs,60019b82be37ce4f17e558d1
881,Cogs,5332f5fbe4b03c9a25efd0ba
882,Cpgs,5459429be4b0bfcb1e864082
883,Cogs,559c2234e4b06aca36af13c6
884,Cogs,5332f709e4b03c9a25efd0f1
885,Cogs,5fb6b608be37ce522e165cb9
886,Cogs,559c2234e4b06aca36af13c6
887,Cogs,5a734034e4b0d58f376be874
888,Cogs,5fcda494be37ce688e08b0cb
889,Cogs,53e10d6368abd3c7065097cc
890,Cogs,5f19e054be37ce33f74a166e
891,Cogs,5f493dabbe37ce64d0ae36ba
892,Cogs,5fd29590be37ce38bbbefb25
893,Cogs,5f493d85be37ce64d0ae36b1
894,Cogs,5332f5fbe4b03c9a25efd0ba
895,Cogs,5332f5f3e4b03c9a25efd0ae
896,Cogs,5332f709e4b03c9a25efd0f1
897,Cogs,5ff3842abe37ce2c56dacbab
898,Cogs,5ff3842bbe37ce2c56dacbad
899,Cogs,5d9b4f591dda2c6225a284aa
900,Cogs,6000b8c3be37ce321363c6bf
901,Cogs,6000b8c4be37ce321363c6c5
902,Cogs,5ff3842bbe37ce2c56dacbad
903,Cogs,5ff3842bbe37ce2c56dacbad
904,Cogs,5ff3842bbe37ce2c56dacbad
905,Cogs,5332fa12e4b03c9a25efd1e7
906,Cogs,5ff73cf9be37ce1e961f3256
907,Cogs,60019b82be37ce4f17e558d1
908,Cogs,5332fa12e4b03c9a25efd1e7
909,Cogs,60074260be37ce360be639f5
910,Cogs,60019b82be37ce4f17e558d1
911,Cogs,60019b83be37ce4f17e558d7
912,Cogs,60019b82be37ce4f17e558d1
913,Cogs,5ff8b5febe37ce4a13986613
914,Cogs,5332fa12e4b03c9a25efd1e7
915,Cogs,5ffe2df8be37ce5e01754c1f
916,Cogs,5ffe2e38be37ce5e01754c21
917,Cogs,5332fa12e4b03c9a25efd1e7
918,Cogs,5ff8b5fbbe37ce4a1398660d
919,Cogs,5ffe2ce0be37ce5e01754c16
920,Cogs,5ff8b5fbbe37ce4a1398660d
921,Cogs,5ff8b5fbbe37ce4a1398660d
922,Cogs,5ffe2ca0be37ce5e01754c09
923,Cogs,5ffe2ca0be37ce5e01754c09
924,Cogs,5ffe2ca0be37ce5e01754c09
925,Cogs,5ffe2ca0be37ce5e01754c09
926,Cogs,5ff789d5be37ce786ba0f6a8
927,Cogs,5ff789c5be37ce786ba0f6a2
928,Cogs,5ff8b5fbbe37ce4a1398660d
929,Cogs,5332fa12e4b03c9a25efd1e7
930,Cogs,5ff789c5be37ce786ba0f6a2
931,Cogs,5ff789c5be37ce786ba0f6a2
932,Cogs,5332f5f3e4b03c9a25efd0ae
933,Cogs,5f441280be37ce5dbe9b7c7d
934,Cogs,53e10d6368abd3c7065097cc
935,Cpgs,5332f5ebe4b03c9a25efd0a8
936,Cogs,5d5d4fd16d5f3b23d1bc7905
937,Cogs,5332f5f6e4b03c9a25efd0b4
938,Cogs,5f493dabbe37ce64d0ae36ba
939,Cogs,5332fa12e4b03c9a25efd1e7
940,Cpgs,5332f712e4b03c9a25efd0f9
941,Cpgs,53e10d6368abd3c7065097cc
942,Cogs,5f7ba678be37ce23081c5296
943,Cogs,5c6d516795144c607914426e
944,Cpgs,5332f5f2e4b03c9a25efd0aa
945,Cogs,53e10d6368abd3c7065097cc
946,Cogs,5f99f720be37ce13da9eadec
947,Cogs,5d5d4fd16d5f3b23d1bc7905
948,Cogs,5332f709e4b03c9a25efd0f1
949,Cogs,5332f5fbe4b03c9a25efd0ba
950,Cogs,5332f5fbe4b03c9a25efd0ba
951,Cogs,5d5d4fd16d5f3b23d1bc7905
952,Cogs,559c2234e4b06aca36af13c6
953,Cogs,5332f709e4b03c9a25efd0f1
954,Cogs,559c2234e4b06aca36af13c6
955,Cogs,5f872bd3be37ce66db5dd982
956,Cogs,5d5d4fd16d5f3b23d1bc7905
957,Cogs,5332f5f6e4b03c9a25efd0b4
958,Cogs,5332f5f3e4b03c9a25efd0ae
959,Cpgs,5332f5ebe4b03c9a25efd0a8
960,Cogs,5d5d4fd16d5f3b23d1bc7905
961,Cogs,5ea07defbe37ce3e45b6a780
962,Cogs,5332f5fbe4b03c9a25efd0ba
963,Cogs,5f99f71bbe37ce13da9eade6
964,Cogs,559c2234e4b06aca36af13c6
965,Cpgs,5332f5ebe4b03c9a25efd0a8
966,Cogs,5f7ba644be37ce23081c5289
967,Cogs,559c2234e4b06aca36af13c6
968,Cpgs,5332f7a7e4b03c9a25efd134
969,Cogs,5f403232be37ce5f78d9ed1a
970,Cogs,5fb6d381be37ce522e165cbd
971,Cogs,5fb6d381be37ce522e165cbd
972,Cpgs,5332f5ebe4b03c9a25efd0a8
973,Cogs,5fd2a0bfbe37ce49eb72c0ef
974,Cpgs,53501d2ab9237fd7718f9e1a
975,Cogs,5332f709e4b03c9a25efd0f1
976,Cogs,5332f5f6e4b03c9a25efd0b4
977,Cogs,5d9b4f591dda2c6225a284aa
978,Cogs,550b2565e4b001d5e9e4146f
979,Cogs,5f5bc4f1be37ce17125ac0e6
980,Cogs,5fc54c0abe37ce1911dbb3b1
981,Cogs,5332f5fbe4b03c9a25efd0ba
982,Cogs,559c2234e4b06aca36af13c6
983,Cogs,5332f5fbe4b03c9a25efd0ba
984,Cogs,5332fa12e4b03c9a25efd1e7
985,Cogs,5332f5f6e4b03c9a25efd0b4
986,Cogs,559c2234e4b06aca36af13c6
987,Cogs,559c2234e4b06aca36af13c6
988,Cogs,5332f709e4b03c9a25efd0f1
989,Cogs,5f4a7a5bbe37ce2d95e65c9f
990,Cogs,559c2234e4b06aca36af13c6
991,Cpgs,5332f7a7e4b03c9a25efd134
992,Cogs,5332fa12e4b03c9a25efd1e7
993,Cogs,5f4a64e7be37ce17d23b3178
994,Cogs,5332f5f6e4b03c9a25efd0b4
995,Cogs,5e28b81cee7f2d697e835bcd
996,Cogs,5d9b4f591dda2c6225a284aa
997,Cogs,5332f5f3e4b03c9a25efd0ae
998,Cogs,5332f5f6e4b03c9a25efd0b4
999,Cogs,5a734034e4b0d58f376be874
1000,Cpgs,55b62995e4b0d8e685c14213
1001,Cogs,53e10d6368abd3c7065097cc
1002,Cogs,5a734034e4b0d58f376be874
1003,Cogs,5fc54c0abe37ce1911dbb3b1
1004,Cogs,5e5ea9cc9c50da1291a6d074
1005,Cogs,5332f5f3e4b03c9a25efd0ae
1006,Cogs,5d5d4fd16d5f3b23d1bc7905
1007,Cogs,53e10d6368abd3c7065097cc
1008,Cogs,5fa98944be37ce239d1070ff
1009,Cogs,53e10d6368abd3c7065097cc
1010,Cogs,5332fa12e4b03c9a25efd1e7
1011,Cogs,53e10d6368abd3c7065097cc
1012,Cogs,5c45f8b087ff3552f950f026
1013,Cpgs,5332f7a7e4b03c9a25efd134
1014,Cogs,53e10d6368abd3c7065097cc
1015,Cogs,55b62995e4b0d8e685c14213
1016,Cpgs,5332f5ebe4b03c9a25efd0a8
1017,Cogs,559c2234e4b06aca36af13c6
1018,Cogs,5332f5fbe4b03c9a25efd0ba
1019,Cogs,5332f5fbe4b03c9a25efd0ba
1020,Cogs,5332f5f6e4b03c9a25efd0b4
1021,Cogs,5f4a7a5bbe37ce2d95e65c9f
1022,Cpgs,5332f5ebe4b03c9a25efd0a8
1023,Cogs,5c6c2ee995144c6db8fe1976
1024,Cogs,5f403231be37ce5f78d9ed14
1025,Cogs,5a734034e4b0d58f376be874
1026,Cogs,559c2234e4b06aca36af13c6
1027,Cogs,56462469e4b0c05761111936
1028,Cogs,60074277be37ce360be639fe
1029,Cogs,5332f5fbe4b03c9a25efd0ba
1030,Cogs,5332f5f6e4b03c9a25efd0b4
1031,Cogs,5fa1c567be37ce402c4618ef
1032,Cogs,5d5d4fd16d5f3b23d1bc7905
1033,Cogs,5332f5f3e4b03c9a25efd0ae
1034,Cogs,5332f709e4b03c9a25efd0f1
1035,Cogs,5332f709e4b03c9a25efd0f1
1036,Cogs,55b62995e4b0d8e685c14213
1037,Cogs,5f513ea0be37ce21f1287c01
1038,Cogs,53e10d6368abd3c7065097cc
1039,Cogs,5e28b81cee7f2d697e835bcd
1040,Cogs,5332f5f3e4b03c9a25efd0ae
1041,Cpgs,5332f5ebe4b03c9a25efd0a8
1042,Cogs,5332fa12e4b03c9a25efd1e7
1043,Cogs,5fcff304be37ce6d53dfc683
1044,Cogs,5e28b81cee7f2d697e835bcd
1045,Cogs,5f9770c0be37ce03d08a2d89
1046,Cogs,53e10d6368abd3c7065097cc
1047,Cpgs,5332fa12e4b03c9a25efd1e7
1048,Cogs,5d5d4fd16d5f3b23d1bc7905
1049,Cogs,5f493682be37ce52f8314fcb
1050,Cpgs,5332f7ffe4b03c9a25efd16b
1051,Cogs,5fda3711be37ce09e351596d
1052,Cogs,5fd7f2b3be37ce7339755868
1053,Cogs,5332f709e4b03c9a25efd0f1
1054,Cogs,559c2234e4b06aca36af13c6
1055,Cogs,5a734034e4b0d58f376be874
1056,Cogs,5fb6b608be37ce522e165cb9
1057,Cogs,5332f709e4b03c9a25efd0f1
1058,Cogs,550b2565e4b001d5e9e4146f
1059,Cogs,5f7760f0be37ce1d26d7b7a2
1060,Cogs,5f7ba914be37ce2f290fb24f
1061,Cogs,5332f5fbe4b03c9a25efd0ba
1062,Cogs,5fb6b608be37ce522e165cb9
1063,Cogs,5f7ba932be37ce2f290fb251
1064,Cogs,550b2565e4b001d5e9e4146f
1065,Cogs,550b2565e4b001d5e9e4146f
1066,Cogs,5fd2a0bfbe37ce49eb72c0ef
1067,Cpgs,5332f7a7e4b03c9a25efd134
1068,Cogs,559c2234e4b06aca36af13c6
1069,Cogs,5d5d4fd16d5f3b23d1bc7905
1070,Cogs,559c2234e4b06aca36af13c6
1071,Cogs,559c2234e4b06aca36af13c6
1072,Cogs,559c2234e4b06aca36af13c6
1073,Cpgs,5332fa58e4b03c9a25efd215
1074,Cogs,5459429be4b0bfcb1e864082
1075,Cogs,5a734034e4b0d58f376be874
1076,Cogs,5fb6d381be37ce522e165cbd
1077,Cogs,5fb6d381be37ce522e165cbd
1078,Cogs,5fb6d381be37ce522e165cbd
1079,Cogs,550b2565e4b001d5e9e4146f
1080,Cogs,559c2234e4b06aca36af13c6
1081,Cogs,5332f5f3e4b03c9a25efd0ae
1082,Cogs,559c2234e4b06aca36af13c6
1083,Cogs,5fb6b608be37ce522e165cb9
1084,Cogs,5f77274bbe37ce6b592e90b9
1085,Cogs,5332f5f3e4b03c9a25efd0ae
1086,Cogs,5332f709e4b03c9a25efd0f1
1087,Cogs,5f4a7a5bbe37ce2d95e65c9f
1088,Cpgs,5332f7a7e4b03c9a25efd134
1089,Cpgs,5332f7a7e4b03c9a25efd134
1090,Cogs,5f628214be37ce78e6e2efaa
1091,Cogs,5332f709e4b03c9a25efd0f1
1092,Cogs,53e10d6368abd3c7065097cc
1093,Cogs,5a734034e4b0d58f376be874
1094,Cogs,5332f5f6e4b03c9a25efd0b4
1095,Cogs,5332f5fbe4b03c9a25efd0ba
1096,Cogs,559c2234e4b06aca36af13c6
1097,Cpgs,5332f5ebe4b03c9a25efd0a8
1098,Cogs,5332f5f3e4b03c9a25efd0ae
1099,Cogs,5332f709e4b03c9a25efd0f1
1100,Cogs,5f441280be37ce5dbe9b7c7d
1101,Cpgs,5332f5f3e4b03c9a25efd0ae
1102,Cogs,5332f5fbe4b03c9a25efd0ba
1103,Cogs,5fd29590be37ce38bbbefb25
1104,Cpgs,5332f7a7e4b03c9a25efd134
1105,Cogs,5332f5fbe4b03c9a25efd0ba
1106,Cpgs,5332f5f2e4b03c9a25efd0aa
1107,Cogs,5a734034e4b0d58f376be874
1108,Cogs,5fcda494be37ce688e08b0cb
1109,Cogs,5332f5fbe4b03c9a25efd0ba
1110,Cogs,5a734034e4b0d58f376be874
1111,Cogs,53e10d6368abd3c7065097cc
1112,Cogs,5332fa12e4b03c9a25efd1e7
1113,Cogs,5332fa12e4b03c9a25efd1e7
1114,Cogs,5f4bf53dbe37ce0b44915540
1115,Cpgs,5332f5f2e4b03c9a25efd0aa
1116,Cogs,5332f5fbe4b03c9a25efd0ba
1117,Cogs,5332fa12e4b03c9a25efd1e7
1118,Cogs,5f43faabbe37ce3ef3fd3714
1119,Cogs,5f513ea0be37ce21f1287c01
1120,Cpgs,5332f5ebe4b03c9a25efd0a8
1121,Cpgs,5332f7a7e4b03c9a25efd134
1122,Cogs,5fb6b608be37ce522e165cb9
1123,Cpgs,5332f7a7e4b03c9a25efd134
1124,Cogs,5332f5fbe4b03c9a25efd0ba
1125,Cogs,60074277be37ce360be639fe
1126,Cogs,5f872b7fbe37ce66db5dd975
1127,Cogs,5f208daebe37ce7958c59520
1128,Cogs,5a734034e4b0d58f376be874
1129,Cogs,550b2565e4b001d5e9e4146f
1130,Cogs,5d5d4fd16d5f3b23d1bc7905
1131,Cogs,559c2234e4b06aca36af13c6
1132,Cogs,5332f5fbe4b03c9a25efd0ba
1133,Cogs,53e10d6368abd3c7065097cc
1134,Cogs,559c2234e4b06aca36af13c6
1135,Cogs,53e10d6368abd3c7065097cc
1136,Cogs,559c2234e4b06aca36af13c6
1137,Cogs,559c2234e4b06aca36af13c6
1138,Cogs,53e10d6368abd3c7065097cc
1139,Cogs,559c2234e4b06aca36af13c6
1140,Cogs,5a734034e4b0d58f376be874
1141,Cogs,5d5d4fd16d5f3b23d1bc7905
1142,Cogs,5f10c05cbe37ce238c6cabaf
1143,Cpgs,5332f709e4b03c9a25efd0f1
1144,Cpgs,5332f7a7e4b03c9a25efd134
1145,Cogs,5f5bc4f1be37ce17125ac0e8
1146,Cpgs,5332fa12e4b03c9a25efd1e7
1147,Cogs,5332f5f3e4b03c9a25efd0ae
1148,Cogs,5332f5fbe4b03c9a25efd0ba
1149,Cogs,5332f5f6e4b03c9a25efd0b4
1150,Cogs,5d5d4fd16d5f3b23d1bc7905
1151,Cogs,5d5d4fd16d5f3b23d1bc7905
1152,Cogs,5f3e9172be37ce5a0e01b952
1153,Cogs,5332f709e4b03c9a25efd0f1
1154,Cogs,559c2234e4b06aca36af13c6
1155,Cogs,5332f709e4b03c9a25efd0f1
1156,Cogs,5fb6b608be37ce522e165cb9
1157,Cpgs,5332f5ebe4b03c9a25efd0a8
1158,Cogs,5f628214be37ce78e6e2efaa
1159,Cogs,5332f5fbe4b03c9a25efd0ba
1160,Cogs,559c2234e4b06aca36af13c6
1161,Cogs,5332f709e4b03c9a25efd0f1
1162,Cogs,5f77274dbe37ce6b592e90bf
1163,Cogs,53e10d6368abd3c7065097cc
1164,Cogs,5332fa12e4b03c9a25efd1e7
1165,Cogs,5332f5f6e4b03c9a25efd0b4
1166,Cogs,6026d757be37ce6369301467
